From,To,Title
#7-nextmonth-thisyear,#9-lastmonth-nextyear,Sales
#7-nextmonth-thisyear,#8-lastmonth-nextyear,Legal
#7-nextmonth-thisyear,#8-lastmonth-nextyear,Sales
#7-nextmonth-thisyear,#8-lastmonth-nextyear,Research and Development
#7-nextmonth-thisyear,#8-lastmonth-nextyear,Legal
#6-nextmonth-thisyear,#8-lastmonth-nextyear,Product Management
#6-nextmonth-thisyear,#8-lastmonth-nextyear,Legal
#7-nextmonth-thisyear,#8-lastmonth-nextyear,Product Management
#6-nextmonth-thisyear,#9-lastmonth-nextyear,Support
#7-nextmonth-thisyear,#8-lastmonth-nextyear,Human Resources
